SMILES	MOL_WEIGHT	LOGP	#ROTATABLE_BONDS	#ACCEPTORS	#DONORS	SURFACE_AREA	Water solubility	Caco2 permeability	Intestinal absorption (human)	Skin Permeability	P-glycoprotein substrate	P-glycoprotein I inhibitor	P-glycoprotein II inhibitor	VDss (human)	Fraction unbound (human)	BBB permeability	CNS permeability	CYP2D6 substrate	CYP3A4 substrate	CYP1A2 inhibitior	CYP2C19 inhibitior	CYP2C9 inhibitior	CYP2D6 inhibitior	CYP3A4 inhibitior	Total Clearance	Renal OCT2 substrate	AMES toxicity	Max. tolerated dose (human)	hERG I inhibitor	hERG II inhibitor	Oral Rat Acute Toxicity (LD50)	Oral Rat Chronic Toxicity (LOAEL)	Hepatotoxicity	Skin Sensitisation	<i>T.Pyriformis</i> toxicity	Minnow toxicity
C=CC(=O)N1C[C@H](COc2nc(Nc3cnn(C)c3)nc3[nH]cc(Cl)c23)[C@@H](OC)C1	431.884	2.1266	7	8	2	177.381	-2.902	0.743	73.429	-2.737	Yes	No	No	0.701	0.263	-1.686	-3.753	No	No	No	No	No	No	No	0.896	No	No	0.348	No	Yes	2.493	1.784	Yes	No	0.287	1.394
Cc1ccc(NS(=O)(=O)c2cccc(C#N)c2)c2[nH]cc(C#N)c12	336.376	3.02048	3	4	2	138.570	-3.575	0.671	88.407	-2.9	Yes	No	No	-0.121	0	-0.306	-2.25	No	Yes	Yes	Yes	Yes	No	No	0.822	No	No	0.137	No	Yes	2.531	1.399	Yes	No	0.58	0.474
CC(C)(C)NC1CCN(c2cc(NCc3ccc(Cl)cc3)nc3ccccc23)CC1	423.004	5.8572	5	4	2	184.196	-4.505	1.004	86.775	-2.788	Yes	Yes	Yes	1.717	0.121	0.45	-0.932	Yes	Yes	Yes	No	No	Yes	Yes	0.764	Yes	No	0.213	Yes	Yes	2.866	0.784	Yes	No	0.604	0.095
COc1cc(C(=O)c2c[nH]c(-c3c[nH]c4ccccc34)n2)cc(OC)c1OC	377.4	3.8148	6	5	2	160.827	-2.987	0.965	90.489	-2.735	Yes	No	Yes	0.273	0.081	-1.314	-2.48	Yes	No	Yes	Yes	Yes	No	Yes	0.997	Yes	Yes	0.37	No	Yes	2.032	2.395	No	No	0.285	-0.318
O=c1cc(-c2ccccc2)oc2cc(O)cc(O)c12	254.241	2.8712	1	4	2	107.725	-3.74	0.942	93.87	-2.76	Yes	No	No	-0.306	0.184	-0.086	-1.987	No	No	Yes	Yes	Yes	Yes	Yes	0.391	No	No	0.813	No	No	2.116	0.95	No	No	0.553	-0.136
Nc1nc(=O)c2cc(C[C@H](C(=O)O)c3ccc(C(=O)N[C@@H](CCC(=O)O)C(=O)O)cc3)ccc2[nH]1	482.449	0.964	10	7	6	196.974	-2.893	-0.624	0.441	-2.735	Yes	No	No	-0.322	0.151	-1.52	-4.363	No	Yes	No	No	No	No	No	0.254	No	No	0.055	No	Yes	2.505	2.567	Yes	No	0.285	2.846
Cc1cc(-c2cc(OC(=O)c3ccccc3)ccc2Cl)cc2nnc(Nc3ccc(OCCN4CCCC4)cc3)nc12	580.088	7.09102	9	8	1	248.827	-3.609	1.069	92.835	-2.735	Yes	Yes	Yes	-0.99	0.321	-0.605	-2.95	No	Yes	No	No	No	No	Yes	0.577	Yes	No	0.314	No	Yes	3.056	2.119	Yes	No	0.285	-2.673
N[C@H](COc1cncc(/C=C/c2ccncc2)c1)Cc1c[nH]c2ccccc12	370.456	4.0771	7	4	2	163.464	-4.012	1.177	91.638	-2.788	No	Yes	Yes	0.941	0.092	-0.394	-2.348	No	Yes	Yes	Yes	No	No	Yes	1.046	No	No	0.443	No	Yes	2.994	1.212	Yes	No	0.346	-1.495
O=c1cc(-c2ccc(O)cc2)oc2cc(O)cc(O)c12	270.24	2.5768	1	5	3	112.519	-3.124	1.115	91.433	-2.737	Yes	No	No	-0.199	0.174	-1.064	-2.185	No	No	Yes	Yes	Yes	No	No	0.592	No	No	0.927	No	Yes	2.427	1.573	No	No	0.385	0.486
O=C(/C=C/c1ccc(O)c2c1[C@H](C(=O)O[C@H](Cc1ccc(O)c(O)c1)C(=O)O)[C@@H](c1ccc(O)c(O)c1)O2)O[C@H](Cc1ccc(O)c(O)c1)C(=O)O	718.62	3.3345	12	14	9	292.421	-2.892	-1.642	23.043	-2.735	No	No	No	-0.218	0.312	-2.764	-4.539	No	No	No	No	No	No	No	-0.519	No	No	0.435	No	Yes	2.482	6.524	No	No	0.285	2.664
NC(=O)c1ccc[n+]([C@@H]2C[C@H](COP(=O)(O)OP(=O)(O)OC[C@H]3O[C@@H](n4cnc5c(N)ncnc54)[C@H](O)[C@@H]3O)[C@@H](O)[C@H]2O)c1	662.466	-2.3523	11	16	8	247.206	-2.884	0.033	26.003	-2.735	Yes	No	No	0.417	0.557	-2.616	-4.853	No	No	No	No	No	No	No	0.035	No	No	0.054	No	Yes	2.478	3.973	No	No	0.285	7.901
Cc1cccc(C2=C(c3ccc4ncccc4n3)CNN2)n1	289.342	2.30932	2	5	2	127.663	-3.629	0.981	99.181	-2.745	No	No	No	0.276	0.399	0.307	-3.229	No	No	Yes	No	No	No	No	0.758	No	Yes	-0.009	No	Yes	2.94	-0.135	Yes	No	0.284	2.747
Cc1ccc(-n2nc(C(C)(C)C)cc2NC(=O)NCc2cc(F)ccc2Oc2ccc3c(cnn3CCO)c2)cc1	556.642	6.07332	8	7	3	237.118	-4.124	0.376	95.616	-2.735	Yes	Yes	Yes	-0.814	0.126	-1.553	-2.933	No	Yes	No	Yes	Yes	No	Yes	-0.406	No	No	0.305	No	Yes	2.958	1.455	Yes	No	0.285	0.321
COc1cc(Nc2nccc(N(C)c3ccc4c(C)n[nH]c4c3)n2)cc(OC)c1OC	420.473	4.19862	7	8	2	179.539	-4.011	0.596	89.449	-2.748	Yes	Yes	Yes	0.082	0.105	-1.715	-3.294	No	Yes	Yes	Yes	Yes	No	Yes	0.126	No	No	0.732	No	Yes	3.037	1.665	Yes	No	0.294	1.272
COc1c(O)ccc2c1cc([N+](=O)[O-])c1c(C(=O)O)cc3c(c12)OCO3	357.274	3.0423	3	7	2	144.627	-3.356	0.061	73.601	-2.735	Yes	No	No	-1.449	0.081	-0.65	-3.201	No	No	Yes	No	Yes	No	No	0.485	No	No	0.325	No	No	2.671	1.822	No	No	0.285	0.547
NS(=O)(=O)c1ccc(-c2ccc(/C=C3\SC(=O)NC3=O)o2)cc1	350.377	1.9179	3	6	2	135.144	-3.427	0.941	81.286	-2.945	No	No	No	-0.652	0.162	-1.065	-3.148	No	Yes	No	No	No	No	No	-0.345	No	No	0.231	No	No	2.123	1.007	Yes	No	0.581	0.688
N#Cc1cc(Cl)cc(Oc2cc(OCc3n[nH]c4nc(N)ccc34)ccc2Cl)c1	426.263	5.08988	5	6	2	175.140	-3.527	0.378	87.764	-2.735	Yes	Yes	Yes	-0.251	0	-1.864	-2.525	No	No	Yes	Yes	Yes	No	Yes	-0.019	No	No	0.747	No	Yes	2.471	2.443	Yes	No	0.286	0.445
O=C(O)CCNC(=O)c1ccc(/N=N/c2ccc(O)c(C(=O)O)c2)cc1	357.322	2.7103	7	6	4	147.177	-3.415	-0.642	28.839	-2.735	Yes	No	No	-1.277	0.181	-1.631	-3.429	No	No	No	No	No	No	No	0.604	No	No	1.23	No	No	2.252	1.66	No	No	0.285	1.807
Cn1c(CNc2ccc(C(=N)N)cc2)nc2cc(C(=O)N(CCC(=O)O)c3ccccn3)ccc21	471.521	2.98597	9	7	4	201.092	-2.954	-0.44	57.219	-2.735	Yes	No	No	0.652	0.163	-1.37	-3.139	No	Yes	No	No	Yes	No	No	0.552	No	No	0.211	No	No	2.451	1.766	Yes	No	0.285	3.039
COc1ccc(F)cc1C[C@@](O)(C1CCOCC1)[C@@H]1CNCCO1	339.407	1.5229	5	5	2	141.649	-2.382	1.206	94.997	-3.167	Yes	No	No	0.43	0.459	-0.061	-2.872	No	No	No	No	No	No	No	0.876	Yes	No	-0.275	No	Yes	2.415	1.797	Yes	No	0.289	2.745
O=c1cc(C(F)(F)F)c2cc(N(CC(F)(F)F)CC(F)(F)F)ccc2[nH]1	392.221	4.4779	3	2	1	138.569	-5.753	1.597	87.174	-2.637	Yes	No	No	0.144	0.238	0.307	-2.926	No	Yes	Yes	Yes	No	No	No	0.142	No	No	0.262	No	No	2.697	0.606	No	No	1.268	1.03
N=C1NC(=O)/C(=C/c2ccc(-c3ccc(S(N)(=O)=O)cc3)o2)S1	349.393	1.73267	3	6	3	135.668	-3.458	-0.239	78.028	-3.278	Yes	No	No	-0.288	0.282	-1.067	-3.114	No	Yes	Yes	No	No	No	No	-0.337	No	Yes	-0.103	No	No	2.471	1.36	Yes	No	0.685	1.694
C#CCOc1ccc(Nc2nc(Nc3ccc(C)c(S(=O)(=O)NC(=O)CC)c3)ncc2F)cc1	483.525	3.63822	9	8	3	196.390	-4.772	0.547	72.328	-2.739	Yes	Yes	Yes	-0.041	0.069	-1.62	-3.505	No	No	No	Yes	Yes	No	Yes	-0.077	No	No	0.536	No	Yes	2.293	1.901	Yes	No	0.292	0.444
COc1cc(-c2oc3cc(O)cc(O)c3c(=O)c2O)ccc1O	316.265	2.291	2	7	4	128.792	-3.298	0.112	80.666	-2.735	Yes	No	No	0.408	0.058	-1.363	-3.422	No	No	Yes	No	No	No	No	0.58	No	Yes	0.8	No	No	2.53	2.655	No	No	0.296	0.851
Cc1cc2nc3c4cc(Cl)ccc4n(CC(=O)NCCN(C)C)c3nc2cc1C	409.921	3.68574	5	5	1	174.029	-4.095	1.18	96.598	-2.804	Yes	Yes	Yes	1.083	0.192	0.256	-2.262	No	Yes	Yes	No	No	No	No	0.975	Yes	No	0.379	No	Yes	2.354	2.008	Yes	No	0.323	0.819
O=[N+]([O-])c1ccc(/C=C/c2cccc(CO)n2)o1	246.222	2.2455	4	5	1	102.355	-3.721	0.951	94.563	-2.821	No	No	No	-0.31	0.371	-0.535	-2.879	No	No	Yes	No	No	No	No	0.221	No	Yes	0.52	No	No	2.474	1.938	No	No	1.044	1.899
CCN(C(=O)c1c(O)c2c(Cl)cccc2n(C)c1=O)c1ccccc1	356.809	3.5642	3	4	1	149.240	-4.715	1.078	95.674	-2.783	No	No	Yes	-0.232	0.106	0.384	-2.004	No	Yes	No	Yes	Yes	No	No	0.119	No	Yes	0.461	No	Yes	2.666	1.474	Yes	No	0.413	-0.537
CCCC[C@H](Cc1c[nH]c2ccccc12)NC(=O)c1cnc(N2CCN(C)CC2)s1	425.602	3.9075	8	5	2	181.844	-3.938	0.913	91.7	-2.788	Yes	Yes	Yes	1.725	0.2	0.042	-2.524	Yes	Yes	Yes	No	No	No	Yes	1.055	No	No	-0.471	No	Yes	3.037	1.135	Yes	No	0.363	-0.866
CN(C(=O)c1c(O)c2ccccc2n(C)c1=O)c1ccccc1	308.337	2.5207	2	4	1	132.572	-4.128	1.089	97.353	-2.768	No	No	No	-0.315	0.11	0.43	-2.11	No	Yes	No	No	No	No	No	0.406	No	Yes	0.447	No	Yes	2.636	1.612	Yes	No	0.448	-0.023
CNc1ccc(-c2ccc3cc(OC[C@H](O)CF)ccc3n2)cn1	327.359	3.0477	6	5	2	138.692	-3.506	1.052	93.874	-2.993	Yes	Yes	No	0.059	0.279	0.013	-2.882	No	Yes	Yes	Yes	No	No	Yes	0.455	No	No	-0.16	No	Yes	2.469	1.177	Yes	No	0.323	2.301
COc1c(C)cnc(Cn2cnc3c(Cl)nc(N)nc32)c1C	318.768	2.13064	3	7	1	131.684	-2.476	0.992	89.849	-2.735	Yes	No	No	0.431	0.415	-1.252	-3.151	No	No	Yes	No	No	No	No	0.701	No	Yes	0.676	No	No	2.445	0.997	Yes	No	0.285	2.532
O=Cc1ccccc1O[P@@](=O)(O)OCc1ccccc1	292.227	3.1951	6	4	1	115.951	-3.9	1.007	89.798	-2.791	No	No	No	-0.609	0.038	-0.502	-2.434	No	Yes	Yes	Yes	No	No	No	0.136	No	No	0.858	No	Yes	2.07	1.372	No	No	0.62	-0.473
Cc1c(C(=O)Nc2ccc(S(C)(=O)=O)cc2)cn(CCO)c1-c1ccccc1C(F)(F)F	466.481	4.13042	6	5	2	182.782	-5.814	1.229	92.271	-2.783	Yes	Yes	Yes	-0.283	0	-0.593	-2.318	No	Yes	No	Yes	Yes	No	Yes	0.389	No	No	0.128	No	Yes	2.303	1.269	Yes	No	0.375	0.526
CC(C)(C)c1cc(NC(=O)Nc2ccc(-c3cn4c(n3)sc3cc(OCCN5CCOCC5)ccc34)cc2)no1	560.68	5.8565	7	9	2	235.427	-2.933	1.081	100	-2.735	Yes	Yes	Yes	-0.285	0.109	-1.635	-2.124	No	Yes	No	Yes	Yes	No	Yes	0.379	Yes	No	0.216	No	Yes	2.428	0.871	Yes	No	0.285	0.405
COc1nc(C)cnc1NS(=O)(=O)c1cccnc1-c1ccc(-c2nnco2)cc1	424.442	2.70642	6	9	1	171.618	-3.03	1.499	91.866	-2.735	No	Yes	Yes	-0.07	0.136	-0.991	-3.375	No	Yes	No	No	Yes	No	Yes	0.685	No	No	0.66	No	Yes	2.257	0.601	Yes	No	0.285	0.188
Cc1cc(OCP(=O)(O)O)cc(C)c1Cc1ccc(O)c(Cc2ccccc2)c1	412.422	4.70464	7	3	3	170.329	-5.243	0.643	89.856	-2.737	Yes	Yes	Yes	-0.974	0.029	-1.011	-2.256	No	Yes	No	Yes	Yes	No	Yes	-0.451	No	No	0.231	No	Yes	2.366	2.602	Yes	No	0.295	-0.743
CCc1cccc2c1c(O)c(C(=O)N(CC)c1ccccc1)c(=O)n2C	350.418	3.4732	4	4	1	151.667	-4.578	1.35	96.134	-2.841	Yes	Yes	Yes	-0.018	0	0.549	-1.987	No	Yes	Yes	Yes	Yes	No	Yes	0.423	No	No	0.227	No	Yes	2.235	1.751	Yes	No	0.693	-0.243
O=C(O)c1cc(O)c2c3nc4ccccc4oc-3cc(=O)c2n1	308.249	2.2448	1	6	2	127.351	-3.702	0.704	60.438	-2.739	Yes	No	No	-0.522	0.118	-0.297	-3.015	No	No	No	No	No	No	No	0.672	No	Yes	0.156	No	No	2.439	1.496	Yes	No	0.293	1.252
COc1ccc(Cl)c(-c2ccc(NC(=O)c3ccnn3C)nc2N)c1	357.801	2.9786	4	6	2	148.935	-3.454	0.871	82.164	-2.754	Yes	No	No	0.042	0.213	-0.915	-3.35	No	No	Yes	Yes	No	No	Yes	-0.077	No	No	0.36	No	No	2.754	0.404	Yes	No	0.323	2.549
CC(C)N(C(=O)c1ccc(Cl)cc1Cl)c1cc(-c2ccccc2)sc1C(=O)O	434.344	6.4753	5	3	1	176.494	-3.056	1.492	97.017	-2.735	No	No	No	-2.049	0	-0.345	-1.575	No	No	No	No	Yes	No	No	0.138	No	No	0.794	No	No	2.398	0.726	No	No	0.285	-2.604
CC(C)=CC1C(C(=O)OCc2cccc(Oc3ccccc3)c2)C1(C)C	350.458	5.7605	6	3	0	155.196	-6.487	1.113	93.999	-2.596	No	No	Yes	0.349	0	0.058	-1.386	No	Yes	Yes	Yes	Yes	No	No	0.186	No	Yes	0.724	No	No	2.403	2.192	No	No	0.672	-1.817
CN(CCCCC(=O)O)c1ccc(/C=C/c2ccc([N+](=O)[O-])cc2)cc1	354.406	4.4563	9	4	1	152.087	-5.223	0.322	94.837	-2.734	Yes	No	No	-0.589	0	-0.512	-2.364	No	Yes	Yes	No	Yes	No	No	0.581	No	No	0.077	No	No	2.297	1.848	Yes	No	0.446	-0.825
NC(=[NH2+])c1ccc2[nH]c(-c3ccccc3O)cc2c1	252.297	1.0049	2	1	4	109.564	-3.035	0.607	50.446	-2.742	Yes	No	No	0.462	0.269	-0.33	-2.373	Yes	Yes	Yes	No	No	No	No	1.173	No	Yes	0.541	No	No	2.606	2.318	No	No	0.413	1.861
CC(=O)Nc1ccc(N2C(=O)[C@@H]3[C@H]4CC[C@](NC(=O)OCC(=O)O)(CC4)[C@@H]3C2=O)cc1	429.429	1.504	5	6	3	177.463	-3.36	-0.169	61.219	-2.735	Yes	No	No	-0.634	0.252	-1.148	-3.211	No	Yes	No	No	No	No	No	0.051	No	No	0.729	No	No	2.054	1.89	Yes	No	0.285	2.582
COc1ccc(S(=O)(=O)Nc2cccnc2Nc2ccc(O)cc2)cc1	371.418	3.3402	6	6	3	150.898	-3.935	0.589	93.306	-2.736	Yes	No	Yes	0.046	0.022	-1.12	-2.684	No	No	Yes	Yes	Yes	No	Yes	0.39	No	No	0.735	No	Yes	2.371	1.868	Yes	No	0.307	0.53
CNC(=O)c1cc(Oc2ccc3nc(N[C@@H]4CCCC[C@H]4O)sc3c2)ccn1	398.488	3.5586	5	7	3	166.333	-3.377	1.218	89.415	-2.769	Yes	Yes	No	0.322	0.126	-1.478	-3.127	No	Yes	No	No	Yes	No	Yes	0.356	No	No	0.117	No	Yes	2.825	1.249	Yes	No	0.311	2.703
COc1ccc(CNC(=O)Nc2ncc([N+](=O)[O-])s2)cc1	308.319	2.3816	5	6	2	123.471	-3.673	1.076	82.234	-2.841	Yes	No	No	-0.649	0.104	-0.888	-2.614	No	Yes	No	No	No	No	No	-0.029	No	Yes	0.599	No	No	2.169	1.886	Yes	No	0.501	1.429
Nc1nccc(-c2c3c(O)ccnc3n3c(N)nccc23)n1	293.29	1.2095	1	8	3	123.641	-2.694	0.477	83.693	-2.735	No	No	No	0.473	0.277	-1.377	-3.256	No	No	No	No	No	No	No	0.513	No	Yes	0.259	No	Yes	2.525	1.536	Yes	No	0.285	4.172
COc1ccc(-c2oc3c(CC=C(C)C)c(O)cc(O)c3c(=O)c2O)cc1	368.385	4.0941	4	6	3	155.133	-4.058	0.718	81.905	-2.736	Yes	No	Yes	0.134	0.053	-1.241	-2.248	No	No	Yes	Yes	Yes	No	No	0.404	No	No	1.041	No	Yes	2.23	2.485	No	No	0.345	-1.44
CC[C@]1(O)Cc2cc3c(c(O)c2[C@@H](O[C@H]2C[C@H](N(C)C)[C@H](O[C@@H]4C[C@H](O)[C@@H](O[C@H]5CCC(=O)[C@@H](C)O5)[C@H](C)O4)[C@H](C)O2)C1)C(=O)c1c(O)cccc1C3=O	753.842	3.4436	8	14	4	313.780	-3.336	0.185	80.503	-2.735	Yes	Yes	No	1.843	0.172	-2.046	-3.915	No	Yes	No	No	No	No	No	1.077	No	Yes	0.155	No	Yes	3.25	2.263	No	No	0.285	3.857
CC#C[C@@]1(O)CC[C@H]2[C@@H]3CCC4=CC(=O)CCC4=C3[C@@H](c3ccc(N(C)CCO[C@H]4CC[C@]5(C)[C@@H](C4)C[C@@H](O)[C@@H]4[C@@H]5C[C@H](O)[C@@]5(C)[C@@H]([C@H](C)CCC(=O)O)CC[C@@H]45)cc3)C[C@]21C	850.194	9.2633	10	7	4	370.895	-2.947	0.811	92.054	-2.735	Yes	No	Yes	-0.175	0.125	-0.9	-1.99	No	Yes	No	No	No	No	No	-0.661	No	No	0.735	No	No	3.084	0.377	No	No	0.285	-3.055
COc1cc(-c2cc(=O)c3c(O)cc(O)cc3o2)ccc1O	300.266	2.5854	2	6	3	123.998	-3.812	0.949	82.659	-2.735	Yes	No	Yes	-0.143	0.114	-1.111	-2.465	No	No	Yes	No	Yes	No	No	0.732	No	No	0.81	No	No	2.461	1.593	No	No	0.316	0.21
COc1ccc(CC(C)(C)NC[C@H](O)c2cc(O)cc3c2OCC(=O)N3)cc1	386.448	2.376	7	6	4	163.844	-3.569	1.001	68.474	-2.737	Yes	No	No	1.087	0.222	-1.001	-2.768	No	No	No	No	No	No	No	1.096	No	No	-0.073	No	Yes	2.138	2.404	Yes	No	0.329	1.324
CC1(C)C(C=C(Cl)Cl)C1C(=O)OCc1cccc(Oc2ccccc2)c1	391.294	6.1133	6	3	0	163.073	-6.995	1.101	92.582	-2.672	No	Yes	Yes	0.375	0	0.027	-1.393	No	Yes	Yes	Yes	Yes	No	Yes	-0.162	No	Yes	0.84	No	No	3.134	1.507	No	No	0.487	-2.291
COc1cc(N(C)Cc2cnc3nc(N)nc(N)c3c2C)cc(OC)c1OC	384.44	2.15982	6	9	2	162.799	-3.419	0.871	78.841	-2.747	Yes	Yes	No	-0.106	0.139	-0.559	-3.436	No	No	No	No	No	No	Yes	0.35	No	No	0.802	No	Yes	2.454	1.807	Yes	No	0.298	1.224
COc1ccccc1[C@H](Cn1c(=O)n(C(C)(C)C(=O)O)c(=O)c2c(C)c(-c3ncco3)sc21)OC1CCOCC1	569.636	3.95332	9	11	1	233.099	-3.846	0.49	64.37	-2.735	No	No	Yes	-0.366	0.15	-1.727	-3.848	No	Yes	No	No	No	No	No	0.393	No	No	0.767	No	No	2.667	1.181	Yes	No	0.285	1.254
COc1ccc(OC)c(CN(C)c2ccc3nc(N)nc(N)c3c2)c1	339.399	2.4478	5	7	2	145.736	-3.527	0.631	88.167	-2.767	Yes	No	No	-0.28	0.061	-0.204	-2.71	No	No	Yes	No	Yes	No	No	0.303	No	No	0.434	No	Yes	2.69	1.662	Yes	No	0.364	0.36
C[C@H]1C[C@H](C(=O)O)CC[C@H]1C(=O)N1CC[C@@]2(S(=O)(=O)c3ccc(F)cc3)c3ccc(C(F)(C(F)(F)F)C(F)(F)F)cc3CC[C@@H]12	667.615	6.4684	5	4	1	252.867	-3.717	0.947	91.106	-2.735	Yes	No	No	-0.977	0.042	-1.153	-2.918	No	Yes	No	No	No	No	No	-0.457	No	No	0.497	No	No	3.343	1.994	Yes	No	0.285	1.003
CCCCC1(CCCC)CS(=O)(=O)c2ccc(N(C)C)cc2[C@@H](c2ccc(OCc3ccc(C[N+]45CCN(CC4)CC5)cc3)cc2)[C@H]1O	674.972	6.6245	13	6	1	288.579	-4.117	1.049	98.494	-2.735	Yes	Yes	Yes	-0.438	0.209	-0.796	-2.498	No	Yes	No	No	No	No	Yes	0.72	No	No	-0.084	No	Yes	2.497	1.174	No	No	0.285	-2.84
C=CC(C)(C)c1cc(/C=C/C(=O)c2ccc(O)cc2)c(OC)cc1O	338.403	4.4661	6	4	2	147.257	-4.265	1.087	92.963	-2.878	Yes	Yes	No	0.367	0.061	-0.531	-2.087	No	No	Yes	Yes	Yes	No	Yes	0.513	No	No	0.355	No	Yes	2.317	1.724	No	No	0.809	0.073
O=C1Nc2ccc(CN3C(=O)CSC3=O)cc2/C1=C/c1cc(CN2CCOCC2)c[nH]1	438.509	2.535	5	6	2	183.161	-3.444	0.651	81.573	-2.786	Yes	No	Yes	0.639	0.367	-1.14	-2.768	Yes	Yes	No	No	No	No	No	1.313	No	No	-0.459	No	Yes	2.817	1.29	Yes	No	0.338	2.455
O=c1c(O[C@@H]2O[C@H]([C@H](O)CO)[C@H](O)[C@H]2O)c(-c2ccc(O)c(O)c2)oc2cc(O)cc(O)c12	464.379	-0.5389	5	12	8	183.901	-3.091	-0.741	34.859	-2.735	Yes	No	No	-0.023	0.138	-1.983	-5.062	No	No	No	No	No	No	No	0.664	No	Yes	0.866	No	Yes	2.852	3.341	No	No	0.285	7.52
O=C(Nc1ccc(S(=O)(=O)N2CCOCC2)cc1)c1cc(Cl)ccc1NS(=O)(=O)c1ccc(Cl)s1	576.505	4.1289	7	7	2	216.268	-4.637	0.505	80.221	-2.736	Yes	Yes	Yes	-0.347	0	-1.38	-3.176	No	Yes	No	Yes	Yes	No	Yes	0.139	No	No	0.168	No	Yes	1.928	1.116	Yes	No	0.292	-2.251
N#Cc1ccc(NC(=S)/N=C(\N)Cc2c(Cl)cccc2Cl)cc1	363.273	4.16178	3	2	2	149.091	-4.865	0.848	88.684	-2.857	Yes	Yes	No	0.081	0.153	-0.237	-1.674	No	No	Yes	Yes	Yes	No	Yes	-0.358	Yes	Yes	0.302	No	Yes	2.291	1.556	No	No	1.809	-0.156
COc1c(O)c(OC)c2oc(-c3ccccc3O)cc(=O)c2c1O	330.292	2.594	3	7	3	135.476	-3.85	0.685	76.413	-2.735	Yes	No	Yes	0.309	0.059	-1.125	-3.467	No	No	Yes	No	No	No	No	0.242	No	No	0.407	No	No	2.161	1.863	No	No	0.29	1.074
Cc1n[nH]c2ccc(F)c(Oc3cc(C#N)cc(C#N)c3)c12	292.273	3.54608	2	4	1	124.726	-3.772	1.04	92.632	-2.781	Yes	No	No	-0.117	0.065	-0.114	-2.02	No	Yes	Yes	Yes	Yes	No	No	0.644	No	No	0.209	No	Yes	2.471	1.099	No	No	0.535	0.755
COc1ccc2nc(S(=O)Cc3ncc(C)c(OC)c3C)[nH]c2c1	345.424	2.89974	5	5	1	142.245	-3.018	1.276	85.908	-2.735	Yes	Yes	No	-0.157	0.277	-0.353	-3.019	No	No	Yes	Yes	No	No	Yes	0.933	Yes	Yes	-0.191	No	No	1.994	1.494	Yes	No	0.285	0.88
N=C(N)c1ccc(NC(=O)Nc2ccc(Oc3ccccc3)cc2)cc1	346.39	4.40697	5	3	4	150.676	-4.426	0.641	89.322	-2.739	Yes	Yes	Yes	-0.2	0.038	-0.889	-2.009	No	Yes	Yes	Yes	Yes	No	Yes	0.323	No	Yes	0.676	No	Yes	2.316	1.75	Yes	No	0.329	3.884
O=C(Nc1ccc(O)c(O)c1)c1ccc(O)c(O)c1	261.233	1.7613	2	5	5	107.742	-2.869	-0.538	67.369	-2.735	Yes	No	No	0.351	0.211	-1.383	-2.649	No	No	No	No	No	No	No	0.341	No	No	0.576	No	No	1.856	2.882	No	No	0.335	1.309
CC(C)C[C@H](NC(=O)c1ccco1)C(=O)N[C@@H](Cc1c[nH]c2ccccc12)P(=O)(O)O	447.428	2.7681	9	4	5	178.932	-3.803	0.328	58.728	-2.742	Yes	No	Yes	-0.27	0.135	-1.436	-3.187	No	No	No	No	No	No	No	-0.038	No	No	0.366	No	No	2.06	3.59	Yes	No	0.287	0.905
O=C(N/N=C/c1ccc([N+](=O)[O-])o1)c1ccc(O)cc1	275.22	1.6573	4	6	2	112.037	-3.432	0.013	81.766	-2.77	Yes	No	No	-0.532	0.323	-0.637	-2.526	No	No	Yes	No	No	No	No	0.708	No	Yes	0.302	No	No	2.842	2.321	No	No	0.989	1.808
C[C@H]1CCC[C@H](O)CCCCCc2cc(O)cc(O)c2C(=O)O1	322.401	3.2908	0	5	3	136.463	-3.421	1.267	89.694	-3.543	Yes	No	No	0.028	0.366	-1.04	-3.206	No	No	No	No	No	No	Yes	0.992	No	No	-0.467	No	No	2.372	1.582	No	No	0.718	1.749
CCNC(=O)C[C@@H]1N=C(c2ccc(Cl)cc2)c2cc(OC)ccc2-n2c(C)nnc21	423.904	3.65602	5	6	1	179.310	-4.778	1.036	98.261	-2.726	No	Yes	Yes	0.305	0.145	-0.913	-2.379	No	Yes	Yes	Yes	Yes	No	Yes	0.249	Yes	No	-0.461	No	Yes	3.049	1.091	Yes	No	0.367	2.545
O=C1[C@@H](Cc2ccc(Cl)c(Cl)c2)SC(=S)N1NS(=O)(=O)c1cccs1	453.419	3.7198	5	6	1	167.873	-5.928	1.259	90.208	-3.019	No	Yes	Yes	-0.32	0	-0.117	-2.307	No	Yes	No	Yes	Yes	No	Yes	-0.088	No	No	0.138	No	Yes	3.021	1.779	No	No	1.044	-1.221
COc1ccc2[nH]c([S@@](=O)Cc3ncc(C)c(OC)c3C)nc2c1	345.424	2.89974	5	5	1	142.245	-3.066	1.368	85.471	-2.735	Yes	Yes	No	-0.098	0.223	-0.367	-2.958	No	No	Yes	Yes	No	No	Yes	0.938	Yes	Yes	-0.231	No	No	2.179	1.482	Yes	No	0.285	0.586
O=C(O)COc1ccc(-c2c[nH]c(CNC(=O)Nc3ncc(Sc4ccccn4)s3)n2)cc1	482.547	3.8645	9	8	4	196.025	-2.931	-0.004	57.244	-2.735	Yes	No	No	-0.007	0.163	-2.257	-3.343	No	Yes	No	No	No	No	No	0.138	No	No	0.325	No	Yes	2.422	2.216	Yes	No	0.285	0.851
O=C(O)[C@H]1O[C@H](OP(=O)(O)OP(=O)(O)OC[C@H]2O[C@@H](n3ccc(=O)[nH]c3=O)[C@H](O)[C@@H]2O)[C@H](O)[C@@H](O)[C@@H]1O	580.285	-4.7014	9	16	9	203.589	-2.311	-0.828	0	-2.735	No	No	No	-0.215	0.422	-2.675	-6.61	No	No	No	No	No	No	No	0.069	No	No	0.312	No	No	2.588	5.713	No	No	0.285	10.602
COc1ccc2c(O[C@@H]3C[C@H]4C(=O)N[C@]5(C(=O)O)C[C@H]5/C=C\CCCCC[C@H](NC(=O)OC5CCCC5)C(=O)N4C3)cc(-c3csc(NC(C)C)n3)nc2c1	774.941	6.0527	9	11	4	323.946	-3.402	-0.386	61.57	-2.735	Yes	No	No	-0.019	0.097	-2.152	-3.908	No	Yes	No	No	No	No	No	0.216	No	No	0.52	No	No	2.755	2.384	Yes	No	0.285	1.399
CC(/C=C1\SC(=S)N(CC(=O)O)C1=O)=C\c1ccccc1	319.407	2.9187	4	4	1	131.690	-3.386	1.336	90.773	-2.735	No	No	No	-0.859	0.287	0.127	-2.814	No	No	No	No	No	No	No	0.108	No	No	0.698	No	No	2.317	1.335	No	No	0.3	0.881
CC(C)[C@@H](C(=O)N[C@@H](Cc1ccc(OCCF)cc1)C(=O)O)n1cc(COc2ccc3nc(S(N)(=O)=O)sc3c2)nn1	620.685	2.4717	14	11	3	244.057	-3.126	-0.198	48.108	-2.735	Yes	No	No	-1.133	0.059	-2.307	-4.618	No	Yes	No	No	No	No	No	0.003	No	No	0.889	No	No	2.714	2.051	Yes	No	0.285	3.191
O=c1[nH]c(-c2ccc(N3[C@@H]4CC[C@H]3C[C@@H](OCc3c(-c5c(Cl)cccc5Cl)noc3C3CC3)C4)cc2F)no1	571.436	6.7248	7	7	1	232.557	-4.792	-0.008	100	-2.736	Yes	Yes	Yes	0.435	0.096	-1.355	-1.966	No	Yes	No	Yes	Yes	No	Yes	0.033	No	No	0.099	No	Yes	2.8	1.508	Yes	No	0.287	-2.411
CC[C@@]1(O)C[C@H](O[C@H]2C[C@H](N(C)C)[C@H](O[C@H]3C[C@H](O)[C@@H](O[C@H]4CCC(=O)[C@@H](C)O4)[C@H](C)O3)[C@H](C)O2)c2c(cc3c(c2O)C(=O)c2c(O)cccc2C3=O)[C@H]1O	769.841	2.9345	8	15	5	318.575	-3.202	0.765	68.552	-2.735	Yes	No	No	1.67	0.124	-2.19	-4.269	No	Yes	No	No	No	No	No	0.935	No	Yes	0.504	No	Yes	3.685	2.675	No	No	0.285	4.115
CNc1ccc(-c2ccc3cc(OC[C@H](O)C[18F])ccc3n2)cn1	326.361938	3.0477	6	5	2	138.692	-3.506	1.052	93.874	-2.993	Yes	Yes	No	0.059	0.279	0.013	-2.882	No	Yes	Yes	Yes	No	No	Yes	0.455	No	No	-0.16	No	Yes	2.469	1.177	Yes	No	0.323	2.301
CC(=O)Nc1ccc(CP(=O)([O-])O[C@@H](C)c2ccccc2)cc1	332.316	3.4762	6	4	1	135.395	-4.537	0.886	90.344	-2.952	No	Yes	No	-0.404	0	-0.434	-2.294	No	Yes	Yes	Yes	Yes	No	No	-0.211	No	Yes	0.455	No	Yes	2.028	1.531	No	No	0.938	0.103
COc1ccc(-c2oc3c(CC=C(C)C)c(O[C@@H]4O[C@H](CO)[C@@H](O)[C@H](O)[C@H]4O)cc(O)c3c(=O)c2O[C@@H]2O[C@@H](C)[C@H](O)[C@@H](O)[C@H]2O)cc1	676.668	0.0679	9	15	8	273.926	-2.908	-0.36	12.731	-2.735	Yes	No	No	-0.287	0.245	-2.075	-5.229	No	No	No	No	No	No	No	0.053	No	No	0.352	No	Yes	2.389	5.611	No	No	0.285	4.439
O=c1c(O[C@@H]2O[C@H](CO)[C@@H](O)[C@H](O)[C@H]2O)c(-c2ccc(O)c(O)c2)oc2cc(O)cc(O)c12	464.379	-0.5389	4	12	8	183.901	-3.046	-0.694	35.064	-2.735	Yes	No	No	-0.154	0.148	-1.904	-5.115	No	No	No	No	No	No	No	0.659	No	Yes	0.843	No	Yes	2.816	3.101	No	No	0.285	7.165
CC(C)(C)c1cc(C(C)(C)C)c(NC(=O)c2c[nH]c3ccccc3c2=O)cc1O	392.499	5.081	2	3	3	170.341	-4.767	1.084	93.278	-2.778	Yes	Yes	Yes	-0.284	0	-0.71	-1.6	No	Yes	Yes	Yes	Yes	No	Yes	-0.069	No	No	0.105	No	Yes	2.182	2.026	Yes	No	0.358	-0.797
CCCS(=O)(=O)N1CCN(Cc2ccc(NC(=O)c3ccc(-c4cc(NC(=O)C5CC5)ccc4OC(F)(F)F)cc3)cc2)CC1	644.716	5.7104	11	6	2	259.956	-4.383	0.95	95.866	-2.735	Yes	Yes	Yes	0.265	0.096	-1.449	-2.529	No	Yes	No	Yes	Yes	No	Yes	0.162	No	No	-0.092	No	Yes	2.351	1.259	Yes	No	0.285	-0.525
N#C/C(=C\c1ccc(O)c(O)c1)C(=O)Nc1ccccc1	280.283	2.64348	3	4	3	120.951	-3.356	0.39	81.13	-3.069	Yes	No	No	-0.509	0.21	-0.554	-2.748	No	No	Yes	No	No	No	No	0.124	No	Yes	1.023	No	No	2.204	1.405	No	No	0.992	1.22
COc1ccc2c(c1)nc(S(=O)Cc1ncc(C)c(OC)c1C)n2S(=O)(=O)c1ccc(OCC(=O)O)cc1	559.622	3.07354	10	10	1	221.072	-2.894	0.228	56.21	-2.735	Yes	No	Yes	-0.552	0.337	-1.726	-4.06	No	Yes	No	No	Yes	No	No	-0.055	No	No	0.175	No	No	2.456	0.965	Yes	No	0.285	0.006
O=C(Nc1c[nH]nc1-c1nc2ccc(C[NH+]3CCOCC3)cc2[nH]1)NC1CC1	382.448	0.652	5	4	5	161.404	-2.892	-0.242	62.776	-2.735	Yes	No	No	0.074	0.365	-1.889	-4.728	No	No	No	No	No	No	No	1.48	Yes	Yes	0.489	No	Yes	2.482	1.468	No	No	0.285	4.029
Cc1nc(COc2ccc(C[C@H](NC(=O)O[C@H]3CO[C@H]4OCC[C@H]43)[C@H](O)CN(CC(C)C)S(=O)(=O)c3ccc4c(c3)OCO4)cc2)cs1	703.836	3.86572	14	12	2	283.665	-3.94	0.302	77.949	-2.735	Yes	Yes	Yes	-0.381	0	-1.528	-3.912	No	Yes	No	No	Yes	No	Yes	0.605	No	No	0.264	No	Yes	2.684	1.491	Yes	No	0.285	-2.339
O=C(O)CCCNC=C1N=C(c2ccccc2)OC1=O	274.276	1.2858	6	5	2	115.332	-2.177	0.759	64.416	-2.836	Yes	No	No	-0.774	0.423	-0.551	-2.884	No	No	No	No	No	No	No	0.927	No	No	-0.175	No	No	2.275	1.344	Yes	No	0.617	3.29
Cc1cc(-n2nc3c(c2-n2ccn(-c4ccc5c(cnn5C)c4F)c2=O)[C@H](C)N(C(=O)c2cc4cc([C@H]5CCOC(C)(C)C5)ccc4n2[C@@]2(c4noc(=O)[nH]4)C[C@@H]2C)CC3)cc(C)c1F	882.973	7.44214	7	13	1	370.353	-2.892	-0.112	100	-2.735	Yes	Yes	Yes	-0.227	0.346	-2.233	-3.366	No	Yes	No	No	Yes	No	Yes	-0.059	No	Yes	0.422	No	Yes	2.484	1.394	No	No	0.285	-2.84
N#C/C(=C\c1ccc(O)c(O)c1)C(=O)NCCCCc1ccccc1	336.391	3.14388	7	4	3	146.411	-3.955	0.414	79.438	-2.984	Yes	Yes	No	-0.403	0.114	-0.554	-2.736	No	Yes	Yes	Yes	No	No	Yes	0.332	No	No	0.98	No	No	2.021	1.679	Yes	No	0.879	0.332
COc1c(C)c2c(c(O)c1C/C=C(\C)CCC(=O)O)C(=O)OC2	320.341	2.73322	6	5	2	133.889	-3.478	0.07	58.392	-2.729	No	No	No	-0.582	0.22	-0.514	-3.001	No	No	No	No	No	No	No	0.637	No	No	0.497	No	No	2.781	2.122	No	No	0.332	0.666
CCOc1ccn(-c2ccc(F)cc2)c(=O)c1C(=O)Nc1ccc(Oc2ccnc(N)c2Cl)c(F)c1	512.9	5.1896	7	7	2	208.421	-4.184	0.83	95.833	-2.735	Yes	Yes	Yes	-0.031	0.154	-0.771	-3.288	No	Yes	No	No	Yes	No	Yes	-0.377	No	No	0.76	No	Yes	2.771	1.67	Yes	No	0.285	-1.855
O=C(O)c1cc(O)c2c(c1)C(C1c3cc(C(=O)O)cc(O)c3C(=O)c3c(OC4OC(CO)C(O)C(O)C4O)cccc31)c1cccc(OC3OC(CO)C(O)C(O)C3O)c1C2=O	862.746	-1.0956	9	18	12	347.779	-2.892	-0.906	0	-2.735	Yes	No	No	-0.026	0.372	-2.921	-6.256	No	No	No	No	No	No	No	-0.936	No	No	0.47	No	No	2.482	6.658	No	No	0.285	12.973
O=c1[nH]c(=O)n(COCCO)c(O)c1Cc1cccc(OCc2ccccc2)c1	398.415	1.3784	9	7	3	166.158	-4.434	-0.171	71.964	-2.737	Yes	Yes	Yes	-0.47	0.048	-1.288	-3.586	No	No	No	Yes	Yes	No	Yes	0.698	No	No	0.771	No	Yes	2.888	3.238	Yes	No	0.311	2.896
CS(=O)(=O)Nc1cccc(Nc2nccc(Nc3c(Cl)ccc4c3OCO4)n2)c1	433.877	3.7174	6	8	3	171.650	-4.066	0.436	87.115	-2.741	Yes	Yes	Yes	-0.051	0.013	-1.598	-3.405	No	No	Yes	Yes	Yes	No	Yes	-0.059	No	No	0.477	No	Yes	2.452	1.86	Yes	No	0.297	0.776
